SQL> @A13_chan.sql
SQL> set echo on
SQL> set feedback 1
SQL> set pagesize 999
SQL> set trimspool on
SQL> set lINesize 200
SQL> set tab off
SQL> clear columns
SQL> 
SQL> set Long 999999
SQL> 
SQL> column BookID format A10
SQL> column Title format A35
SQL> column Price format 9,990.00
SQL> column AuthorList format A50
SQL> column Subject format A15
SQL> column AvgPrice format 9,990.00
SQL> 
SQL> /* Ho Yeung Chan */
SQL> 
SQL> /*  TASK 00 */
SQL> SELECT user, sysdate
  2  FROM dual;

USER                           SYSDATE
------------------------------ ---------
HCHAN80                        02-DEC-17

1 row selected.

SQL> 
SQL> /*  TASK 01 */
SQL> with XML_Table as
  2          (select extractvalue(OBJECT_VALUE, '/book/bk_id') as BookID
  3          , extractvalue(OBJECT_VALUE, '/book/bk_title') as Title
  4          , extractvalue(OBJECT_VALUE, '/book/bk_price') as Price
  5          , extractvalue(OBJECT_VALUE, '/book/bk_subject') as Subject
  6          from xml_A13_books)
  7  select BookID as "BookID"
  8  , Title as "Title"
  9  , cast(Price as number) as "Price"
 10  , Subject as "Subject"
 11  from XML_Table
 12  ;

BookID     Title                                   Price Subject
---------- ----------------------------------- --------- ---------------
101        The Art Of SQL                          44.99 Fiction
110        Summer Cometh                            0.00 Fiction
102        Oracle SQL and SQL*Plus                 65.00 Tech
106        Alice in Oracle Land                    35.00 Fiction
107        Crows and Ravens                        25.15 Science
103        XML Schema                              25.00 Fiction
104        Programming with T-SQL                  50.00 Tech
105        Thinking in Sets                        45.99 SQL
184        Birds of a Feather                      69.99 Fiction
108        T-SQL Programming                       29.95 Tech
115        Logic for Understanding Databases        5.00 Tech
987        XML 15 the Textbook                    135.00 XML
1010       Promises                                      Science
1256       Priceless                                     Fantasy
188        Pricy                                  135.00 Fiction

15 rows selected.

SQL> 
SQL> /*  TASK 02  */
SQL> with XML_Table as
  2          (select extractvalue(OBJECT_VALUE, '/book/bk_id') as BookID
  3          , extractvalue(OBJECT_VALUE, '/book/bk_title') as Title
  4          , extractvalue(OBJECT_VALUE, '/book/bk_price') as Price
  5          , extractvalue(OBJECT_VALUE, '/book/bk_subject') as Subject
  6          , extract(OBJECT_VALUE, '/book/bk_authors') as AuthorList
  7          from xml_A13_books)
  8  select BookID as "BookID"
  9  , Title as "Title"
 10  , cast(Price as number) as "Price"
 11  , AuthorList as "AuthorList"
 12  from XML_Table
 13  where Price > 30
 14  and Subject = 'Fiction'
 15  ;

BookID     Title                                   Price AuthorList
---------- ----------------------------------- --------- --------------------------------------------------
101        The Art Of SQL                          44.99 <bk_authors>
                                                           <author>Faroult</author>
                                                         </bk_authors>

106        Alice in Oracle Land                    35.00 <bk_authors>
                                                           <author>Dodgson</author>
                                                           <author>Martin</author>
                                                           <author>Carroll</author>
                                                         </bk_authors>

184        Birds of a Feather                      69.99 <bk_authors>
                                                           <author>Heinrich</author>
                                                         </bk_authors>

188        Pricy                                  135.00 <bk_authors>
                                                           <author>Martin</author>
                                                         </bk_authors>


4 rows selected.

SQL> 
SQL> /*  TASK 03 */
SQL> with XML_Table as
  2          (select extractvalue(OBJECT_VALUE, '/book/bk_id') as BookID
  3          , extractvalue(OBJECT_VALUE, '/book/bk_title') as Title
  4          , extractvalue(OBJECT_VALUE, '/book/bk_subject') as Subject
  5          , extractvalue(OBJECT_VALUE, '/book/bk_price') as Price
  6          , extract(OBJECT_VALUE, '/book/bk_authors') as AuthorList
  7          from xml_A13_books
  8          where existsnode(OBJECT_VALUE, '/book [bk_price > 30]') = 1
  9          and existsnode(OBJECT_VALUE, '/book [bk_subject="Fiction"]') = 1)
 10  select BookID as "BookID"
 11  , Title as "Title"
 12  , cast(Price as number) as "Price"
 13  , AuthorList as "AuthorList"
 14  from XML_Table
 15  ;

BookID     Title                                   Price AuthorList
---------- ----------------------------------- --------- --------------------------------------------------
101        The Art Of SQL                          44.99 <bk_authors>
                                                           <author>Faroult</author>
                                                         </bk_authors>

106        Alice in Oracle Land                    35.00 <bk_authors>
                                                           <author>Dodgson</author>
                                                           <author>Martin</author>
                                                           <author>Carroll</author>
                                                         </bk_authors>

184        Birds of a Feather                      69.99 <bk_authors>
                                                           <author>Heinrich</author>
                                                         </bk_authors>

188        Pricy                                  135.00 <bk_authors>
                                                           <author>Martin</author>
                                                         </bk_authors>


4 rows selected.

SQL> 
SQL> /*  TASK 04 */
SQL> select
  2    extractvalue(object_value, '//bk_id') "BookID"
  3  , extractvalue(object_value, '//bk_title') "Title"
  4  , extract(object_value, '//author') "AuthorList"
  5  from xml_A13_books
  6  where existsNode(object_value, '//bk_authors[author="Martin"]')=1;

BookID     Title                               AuthorList
---------- ----------------------------------- --------------------------------------------------
102        Oracle SQL and SQL*Plus             <author>Meyers</author>
                                               <author>Martin</author>
                                               <author>Merkel</author>

106        Alice in Oracle Land                <author>Dodgson</author>
                                               <author>Martin</author>
                                               <author>Carroll</author>

103        XML Schema                          <author>Martin</author>
                                               <author>Jones</author>

115        Logic for Understanding Databases   <author>Matters</author>
                                               <author>Poole</author>
                                               <author>Albertson</author>
                                               <author>Baker</author>
                                               <author>Cleaver</author>
                                               <author>Dawson</author>
                                               <author>Eldridge</author>
                                               <author>Martin</author>

188        Pricy                               <author>Martin</author>

5 rows selected.

SQL> 
SQL> /*  TASK 05 */
SQL> select
  2    extractvalue(object_value, '//bk_id') "BookID"
  3  , extractvalue(object_value, '//bk_title') "Title"
  4  , extract(object_value, '//author') "AuthorList"
  5  from xml_A13_books
  6  where extractvalue(object_value, '//author[1]') = 'Martin';

BookID     Title                               AuthorList
---------- ----------------------------------- --------------------------------------------------
103        XML Schema                          <author>Martin</author>
                                               <author>Jones</author>

188        Pricy                               <author>Martin</author>

2 rows selected.


SQL> 
SQL> /*  TASK 06 */
SQL> /*  TASK 06 */
SQL> select
  2    extractvalue(object_value, '//bk_id') "BookID"
  3  , extractvalue(object_value, '//bk_title') "Title"
  4  , extract(object_value, '//author') "AuthorList"
  5  from xml_A13_books
  6  where existsNode(object_value, '//bk_authors[author="Martin"]')=0;

BookID     Title                               AuthorList
---------- ----------------------------------- --------------------------------------------------
101        The Art Of SQL                      <author>Faroult</author>
110        Summer Cometh                       <author>Dodgson</author>
107        Crows and Ravens                    <author>Poe</author>
104        Programming with T-SQL              <author>Walmsley</author>
                                               <author>Onofrei</author>
                                               <author>Wilson</author>
                                               <author>Ramos</author>

105        Thinking in Sets                    <author>Celko</author>
184        Birds of a Feather                  <author>Heinrich</author>
108        T-SQL Programming                   <author>Martindale</author>
987        XML 15 the Textbook                 <author>Albertson</author>
                                               <author>Baker</author>
                                               <author>Cleaver</author>
                                               <author>Dawson</author>
                                               <author>Eldridge</author>
                                               <author>Frank</author>
                                               <author>Gilbert</author>
                                               <author>Horne</author>
                                               <author>Ibsen</author>
                                               <author>Jacoby</author>
                                               <author>Franksen</author>
                                               <author>Gilbertson</author>
                                               <author>Hornesen</author>
                                               <author>Ibsensun</author>
                                               <author>Jacobysan</author>

1010       Promises                            <author/>
1256       Priceless                           <author>Remartin</author>

10 rows selected.

SQL> 
SQL> /*  TASK 07 */
SQL> select
  2    extractvalue(object_value, '//bk_id') BookID
  3  , extractvalue(object_value, '//bk_title') Title
  4  from xml_A13_books
  5  where existsNode(object_value, '//author[4]')=1    --- at least 4 authors
  6  and   existsNode(object_value, '//author[11]')=0   --- no more than 10 authors
  7  ;

BOOKID     TITLE
---------- -----------------------------------
104        Programming with T-SQL
115        Logic for Understanding Databases

2 rows selected.

SQL> 
SQL> /*  TASK 08 */
SQL> with XML_Table as
  2          (select 1 as Grouping
  3          , extractvalue(A14.OBJECT_VALUE, '/book/bk_id') as BookID
  4          , extractvalue(A14.OBJECT_VALUE, '/book/bk_title') as Title
  5          , cast(extractvalue(A14.OBJECT_VALUE, '/book/bk_price') as number) as Price
  6          from xml_A13_books A14)
  7  select BookID as "BookID"
  8  , Title as "Title"
  9  , Price as "Price"
 10  , dense_rank() over (partition by Grouping order by nvl(Price, -1) desc) as "PRICERANK"
 11  from XML_Table
 12  ;

BookID     Title                                   Price  PRICERANK
---------- ----------------------------------- --------- ----------
987        XML 15 the Textbook                    135.00          1
188        Pricy                                  135.00          1
184        Birds of a Feather                      69.99          2
102        Oracle SQL and SQL*Plus                 65.00          3
104        Programming with T-SQL                  50.00          4
105        Thinking in Sets                        45.99          5
101        The Art Of SQL                          44.99          6
106        Alice in Oracle Land                    35.00          7
108        T-SQL Programming                       29.95          8
107        Crows and Ravens                        25.15          9
103        XML Schema                              25.00         10
115        Logic for Understanding Databases        5.00         11
110        Summer Cometh                            0.00         12
1010       Promises                                              13
1256       Priceless                                             13

15 rows selected.

SQL> 
SQL> /*  TASK 09 */
SQL> column "Avg Price" format 9,999.99
SQL> 
SQL> select
  2    nvl(subject, 'SUMMARY') "Subject"
  3  , round(avg(price),2) "Avg Price"
  4  , count(*) "Number Books"
  5  from(
  6    select
  7      extractvalue(object_value, '//bk_subject') Subject
  8    , extractvalue(object_value, '//bk_price') Price
  9    from xml_A13_books
 10  )
 11  group by rollup(subject);

Subject         Avg Price Number Books
--------------- --------- ------------
Fantasy                              1
Fiction             51.66            6
SQL                 45.99            1
Science             25.15            2
Tech                37.49            4
XML                135.00            1
SUMMARY             51.24           15

7 rows selected.




SQL> 
SQL> 
SQL> /*  TASK 10 */
SQL> select
  2    round(avg(
  3      case when subject='SQL' then price end ), 2) "AvgPrice_SQL"
  4  , round(avg(
  5      case when subject!='SQL' then price end ), 2) "AvgPrice_Other"
  6  from(
  7    select
  8      extractvalue(object_value, '//bk_subject') Subject
  9    , extractvalue(object_value, '//bk_price') Price
 10    from xml_A13_books
 11  );


AvgPrice_SQL AvgPrice_Other
------------ --------------
       45.99          51.67

1 row selected.

SQL> 
SQL> spool off
