SQL> @A12_chan.sql
SQL> set echo on
SQL> set feedback 1
SQL> set pagesize 999
SQL> set trimspool on
SQL> set linesize 200
SQL> set tab off
SQL> clear columns
SQL> 
SQL> Column "Book_Title" format A25 truncated
SQL> 
SQL> 
SQL> /* Ho Yeung Chan */
SQL> 
SQL> /*  TASK 00 */
SQL> SELECT user, sysdate
  2  FROM dual;

USER                           SYSDATE
------------------------------ ---------
HCHAN80                        10-DEC-17

1 row selected.

SQL> 
SQL> /*  TASK 01 */
SQL> SELECT ROW_NUMBER() OVER (ORDER BY LIST_PRICE) AS "ListPrice Order"
  2  , BOOK_ID AS "Book ID"
  3  , TITLE AS "Book_Title"
  4  , PUBL_ID AS "Publ"
  5  , TO_CHAR(LIST_PRICE, '999.99') AS "Price"
  6  FROM BK_BOOKS
  7  ORDER BY LIST_PRICE
  8  ;

ListPrice Order    Book ID Book_Title                      Publ Price
--------------- ---------- ------------------------- ---------- -------
              1       2029 The Forgotten Bird Strike       9030    1.99
              2       1602 Goblin Market and Other P       9022    2.95
              3       1625 Winter Weed Finder: A Gui       9021    4.95
              4       1305 Journeys Through Flatland       9325    9.99
              5       1546 The Johnstown Flood             9776   10.39
              6       1103 Selected Poems                  9456   12.00
              7       1541 Freethinkers: A History o       9023   12.79
              8       1545 Team of Rivals: The Polit       9776   13.96
              9       1774 Ever Since Darwin               9902   15.95
             10       1542 The Great Agnostic: Rober       9021   16.99
             11       1544 The House on Diamond Hill       9024   17.76
             12       1234 Hen's Teeth and Horse's T       9902   17.95
             13       1200 The Mismeasure of Man           9902   17.95
             14       1609 In the Company of Crows a       9725   18.95
             15       1629 The Leafcutter Ants: Civi       9022   19.95
             16       1133 Leaves of Grass                 9623   19.95
             17       1483 Programming with XML            9745   19.99
             18       1199 SQL is Fun                             19.99
             19       1624 Outstanding Mosses and Li       9021   19.99
             20       2002 SQL Server 2012 A Beginne       9030   24.92
             21       1107 SQL Puzzles and Answers         9745   25.00
             22       1622 Bird Sense                      9020   25.00
             23       1626 Bark: A Field Guide to Tr       9021   25.95
             24       1357 Why Birds Sing                  9725   26.00
             25       1543 Ties That Bind:The Story        9024   26.96
             26       1630 The Social Conquest of Ea       9022   27.95
             27       1425 The Singing Life of Birds       9561   28.09
             28       1106 SQL for Smarties                9745   29.00
             29       1537 The BedSide Book of Birds       9725   29.95
             30       1619 The Oject-Oriented Though       9725   29.99
             31       1525 Interface-Oriented Design       9725   29.99
             32       2623 Hornworts and Liverworts        9021   29.99
             33       1448 Backyard Birdsong Guide:        9561   29.99
             34       1621 The Unfeathered Bird            9020   31.29
             35       2009 SQL Server 2012 for Devel              34.42
             36       1628 The Superorganism:The Bea       9902   34.65
             37       1175 MySQL in a Nutshell             9822   34.99
             38       1161 SQL Programming Style           9745   35.00
             39       1162 Trees and Hierarchies           9745   35.00
             40       1108 Database Systems                9325   39.95
             41       2027 Mastering Oracle SQL and        9444   39.99
             42       1077 Programming for Poets           9456   40.25
             43       2006 T_SQL Programming (Inside       9000   44.99
             44       2007 T_SQL Querying (Inside se       9000   44.99
             45       1948 Framework Design Guidelin       9325   44.99
             46       1279 Data-Driven Services with       9822   44.99
             47       1278 Beginning VB 2008 Databas       9444   44.99
             48       1104 Sibley Guide to Bird Life       9102   45.00
             49       2008 SQL Server T_Sql Recipies       9444   48.99
             50       1128 Temporal Data and the Rel       9325   49.95
             51       1180 MySQL Database Design and       9825   49.99
             52       1182 MySQL Cookbook                  9822   49.99
             53       1185 MySQL Stored Procedures         9822   49.99
             54       1184 MySQL Developer's Library       9325   49.99
             55       2018 Oracle Database 11g SQL         9030   49.99
             56       1188 SQL for MySQL Developers        9325   49.99
             57       1258 .Net Development for Micr       9000   49.99
             58       1835 Data Binding with Windows       9325   49.99
             59       1670 Applied .NET Framework Pr       9000   49.99
             60       1877 High Performance MySQL          9822   49.99
             61       2017 Functional Programming          9528   49.99
             62       1102 Practical Standards for V       9000   49.99
             63       1302 ADO: the ebook                  9000   49.99
             64       9012 HTML + Javascript               9745   50.00
             65       1245 A Scientific Approach to        9902   52.95
             66       1401 Visual Studio Tools for O       9325   54.99
             67       2032 Oracle and the rest of th       9030   55.99
             68       1110 Adv SQL:1999 Object_Relat       9745   59.95
             69       1105 SQL:1999 Relational Langu       9745   59.95
             70       2028 Mastering Oracle Database       9444   59.99
             71       1304 Stories of Discoveries          9325   59.99
             72       2005 Developer's Guide to SQL        9325   59.99
             73       1979 Pro VB 2008 and the .NET        9444   59.99
             74       2025 Oracle SQL Fundamentals I       9030   59.99
             75       1301 ADO and Oracle Workbook         9000   59.99
             76       1101 Programming SQL Server wi       9000   59.99
             77       1303 Rainbows and Rainbows           9521   59.99
             78       1269 Querying XML                    9745   63.95
             79       9013 HTML5 for Dummies               9745   65.00
             80       1677 Windows Forms 2.0 Program       9325   74.99
             81       1457 Visual Basic 2008 Recipes       9444   79.99
             82       1109 Intro to DB Systems-7th E       9325   80.00
             83       2622 Outstanding Bryophytes          9021   89.99
             84       1142 Relational Database Theor       9521   95.00
             85       2031 Comparative SQL                 9444   99.99
             86       1978 Acoustic Communication in       9561  103.91
             87       9011 Oracle SQL Procedure            9745  110.00
             88       1627 The Ants                        9022  120.18
             89       1623 Lichens of North America        9021  135.00
             90       9010 Intruction to XML               9745  200.00
             91       1306 Myths of SQL                    9664  259.99

91 rows selected.

SQL> 
SQL> /*  TASK 02  */
SQL> 
SQL> WITH AFTER_2005 AS
  2          (SELECT *
  3          FROM BK_BOOKS
  4          WHERE YEAR_PUBLD > '2005')
  5  SELECT DENSE_RANK() OVER (ORDER BY PUBL_ID, LIST_PRICE DESC) AS "Publ-ListPrice Order"
  6  , PUBL_ID AS "Publ"
  7  , TO_CHAR(LIST_PRICE, '999.99') AS "Price"
  8  , BOOK_ID AS "Book ID"
  9  , TITLE AS "Book_Title"
 10  FROM AFTER_2005
 11  ORDER BY PUBL_ID
 12  , LIST_PRICE DESC
 13  ;

Publ-ListPrice Order       Publ Price      Book ID Book_Title
-------------------- ---------- ------- ---------- -------------------------
                   1       9000   44.99       2006 T_SQL Programming (Inside
                   1       9000   44.99       2007 T_SQL Querying (Inside se
                   2       9020   31.29       1621 The Unfeathered Bird
                   3       9020   25.00       1622 Bird Sense
                   4       9021   89.99       2622 Outstanding Bryophytes
                   5       9021   29.99       2623 Hornworts and Liverworts
                   6       9021   25.95       1626 Bark: A Field Guide to Tr
                   7       9021   19.99       1624 Outstanding Mosses and Li
                   8       9021   16.99       1542 The Great Agnostic: Rober
                   9       9022   27.95       1630 The Social Conquest of Ea
                  10       9022    2.95       1602 Goblin Market and Other P
                  11       9024   26.96       1543 Ties That Bind:The Story
                  12       9024   17.76       1544 The House on Diamond Hill
                  13       9030   59.99       2025 Oracle SQL Fundamentals I
                  14       9030   55.99       2032 Oracle and the rest of th
                  15       9030   49.99       2018 Oracle Database 11g SQL
                  16       9030   24.92       2002 SQL Server 2012 A Beginne
                  17       9030    1.99       2029 The Forgotten Bird Strike
                  18       9325   74.99       1677 Windows Forms 2.0 Program
                  19       9325   59.99       2005 Developer's Guide to SQL
                  20       9325   54.99       1401 Visual Studio Tools for O
                  21       9325   49.99       1835 Data Binding with Windows
                  21       9325   49.99       1188 SQL for MySQL Developers
                  21       9325   49.99       1184 MySQL Developer's Library
                  22       9325   44.99       1948 Framework Design Guidelin
                  23       9444   99.99       2031 Comparative SQL
                  24       9444   79.99       1457 Visual Basic 2008 Recipes
                  25       9444   59.99       1979 Pro VB 2008 and the .NET
                  25       9444   59.99       2028 Mastering Oracle Database
                  26       9444   48.99       2008 SQL Server T_Sql Recipies
                  27       9444   44.99       1278 Beginning VB 2008 Databas
                  28       9456   40.25       1077 Programming for Poets
                  29       9528   49.99       2017 Functional Programming
                  30       9561   29.99       1448 Backyard Birdsong Guide:
                  31       9725   29.99       1525 Interface-Oriented Design
                  32       9745  200.00       9010 Intruction to XML
                  33       9745  110.00       9011 Oracle SQL Procedure
                  34       9745   65.00       9013 HTML5 for Dummies
                  35       9745   63.95       1269 Querying XML
                  36       9745   50.00       9012 HTML + Javascript
                  37       9745   19.99       1483 Programming with XML
                  38       9776   13.96       1545 Team of Rivals: The Polit
                  39       9822   49.99       1877 High Performance MySQL
                  39       9822   49.99       1185 MySQL Stored Procedures
                  39       9822   49.99       1182 MySQL Cookbook
                  40       9822   44.99       1279 Data-Driven Services with
                  41       9822   34.99       1175 MySQL in a Nutshell
                  42       9902   52.95       1245 A Scientific Approach to
                  43       9902   34.65       1628 The Superorganism:The Bea
                  44              34.42       2009 SQL Server 2012 for Devel
                  45              19.99       1199 SQL is Fun

51 rows selected.

SQL> 
SQL> /*  TASK 03 */
SQL> WITH BOOK_ORDER_QUANTITY AS
  2          (SELECT BOOK_ID
  3          , ROUND(SUM(NVL(QUANTITY, 0)), -1) AS QUANTITY_OF_BOOKS
  4          FROM BK_ORDER_DETAILS
  5          GROUP BY BOOK_ID)
  6  , BOOK_SALES AS
  7          (SELECT RANK() OVER (ORDER BY QUANTITY_OF_BOOKS DESC) AS SALES_RANKING
  8          , BOOK_ID
  9          , TITLE
 10          , QUANTITY_OF_BOOKS
 11          FROM BK_BOOKS
 12          JOIN BOOK_ORDER_QUANTITY USING (BOOK_ID))
 13  SELECT SALES_RANKING AS "Sales Ranking"
 14  , BOOK_ID AS "Book ID"
 15  , TITLE AS "Book_Title"
 16  , TO_CHAR(QUANTITY_OF_BOOKS, '999,999,999') AS "TotQuantSale"
 17  FROM BOOK_SALES
 18  WHERE SALES_RANKING <= 15
 19  ORDER BY 1
 20  ;

Sales Ranking    Book ID Book_Title                TotQuantSale
------------- ---------- ------------------------- ------------
            1       2623 Hornworts and Liverworts         3,660
            2       1128 Temporal Data and the Rel        1,610
            3       1448 Backyard Birdsong Guide:         1,190
            4       2002 SQL Server 2012 A Beginne        1,040
            5       1108 Database Systems                 1,030
            6       1602 Goblin Market and Other P        1,000
            7       1305 Journeys Through Flatland          960
            8       1142 Relational Database Theor          860
            9       1401 Visual Studio Tools for O          650
           10       2025 Oracle SQL Fundamentals I          560
           10       1103 Selected Poems                     560
           12       1107 SQL Puzzles and Answers            540
           13       1161 SQL Programming Style              410
           14       1104 Sibley Guide to Bird Life          390
           15       1182 MySQL Cookbook                     360
           15       1357 Why Birds Sing                     360

16 rows selected.

SQL> 
SQL> 
SQL> /*  TASK 04 */
SQL> COLUMN "RunningSalesByCustomer" FORMAT 999,999.99
SQL> 
SQL> WITH ANNUAL_SALES AS
  2          (SELECT CUST_ID
  3          , TO_CHAR(ORDER_DATE, 'YYYY-MM-DD') AS DATE_OF_ORDERS
  4          , SUM(NVL(QUANTITY, 0) * NVL(ORDER_PRICE, 0)) AS SALES_BY_DAY
  5          FROM BK_ORDER_HEADERS
  6          JOIN BK_ORDER_DETAILS USING (ORDER_ID)
  7          WHERE EXTRACT(YEAR FROM ORDER_DATE) = EXTRACT(YEAR FROM SYSDATE)
  8          GROUP BY CUST_ID
  9          , TO_CHAR(ORDER_DATE
 10          , 'YYYY-MM-DD'))
 11  SELECT CUST_ID AS "cust_id"
 12  , DATE_OF_ORDERS AS "order_date"
 13  , TO_CHAR(SALES_BY_DAY, '999,999.99') AS "SalesByDay"
 14  , SUM(SALES_BY_DAY) OVER (PARTITION BY CUST_ID ORDER BY DATE_OF_ORDERS) AS "RunningSalesByCustomer"
 15  FROM ANNUAL_SALES
 16  WHERE CUST_ID < 220000
 17  ORDER BY CUST_ID
 18  , DATE_OF_ORDERS
 19  ;

   cust_id order_date SalesByDay  RunningSalesByCustomer
---------- ---------- ----------- ----------------------
    200368 2017-01-25    2,945.44               2,945.44
    200368 2017-02-14    5,739.61               8,685.05
    200368 2017-03-08    4,327.98              13,013.03
    200368 2017-05-15      314.94              13,327.97
    200368 2017-07-20    1,372.40              14,700.37
    202958 2017-02-09       59.98                  59.98
    202958 2017-02-13       85.56                 145.54
    202958 2017-03-22      240.00                 385.54
    202958 2017-03-28      119.96                 505.50
    202958 2017-04-17      239.92                 745.42
    202958 2017-04-22       79.97                 825.39
    202958 2017-05-07      173.00                 998.39
    202958 2017-05-09      157.89               1,156.28
    202958 2017-05-30      239.94               1,396.22
    202958 2017-08-13    2,084.20               3,480.42
    202958 2017-09-08    3,015.35               6,495.77
    202958 2017-09-11      842.40               7,338.17
    202958 2017-09-19      359.76               7,697.93
    202958 2017-09-30    2,300.11               9,998.04
    202958 2017-10-08    1,338.75              11,336.79
    202958 2017-10-24      664.29              12,001.08
    202958 2017-11-07       59.98              12,061.06
    202958 2017-11-20    8,216.30              20,277.36
    202958 2017-12-08   10,018.75              30,296.11
    208950 2017-02-21    4,268.40               4,268.40
    208950 2017-03-19      579.96               4,848.36
    208950 2017-04-08    7,018.86              11,867.22
    208950 2017-05-19      425.92              12,293.14
    208950 2017-06-10      309.85              12,602.99
    208950 2017-07-01    3,771.49              16,374.48
    208950 2017-08-05      439.92              16,814.40
    208950 2017-08-06    2,558.41              19,372.81
    208950 2017-08-20      180.92              19,553.73
    208950 2017-09-17      722.35              20,276.08
    208950 2017-09-23    1,841.29              22,117.37
    208950 2017-12-31    3,406.58              25,523.95
    211483 2017-01-27      239.92                 239.92
    211483 2017-02-01      715.35                 955.27
    211483 2017-02-16      161.84               1,117.11
    211483 2017-02-27    2,450.82               3,567.93
    211483 2017-03-06       59.98               3,627.91
    211483 2017-03-28      539.93               4,167.84
    211483 2017-04-12    2,586.04               6,753.88
    211483 2017-04-16       61.16               6,815.04
    211483 2017-05-29      840.89               7,655.93
    211483 2017-06-03      209.65               7,865.58
    211483 2017-06-23      183.48               8,049.06
    211483 2017-07-27    1,055.68               9,104.74
    211483 2017-08-13      165.99               9,270.73
    211483 2017-08-14      185.85               9,456.58
    211483 2017-09-05      288.92               9,745.50
    211483 2017-09-15       87.00               9,832.50
    211483 2017-09-23      269.91              10,102.41
    211483 2017-09-26    1,249.89              11,352.30
    211483 2017-09-30       20.78              11,373.08
    211483 2017-11-05      226.60              11,599.68
    211483 2017-11-19    5,437.06              17,036.74
    211483 2017-12-10      199.75              17,236.49
    211483 2017-12-17    2,007.17              19,243.66
    211483 2017-12-25      509.83              19,753.49
    211483 2017-12-27      179.94              19,933.43
    212921 2017-02-16      669.93                 669.93
    212921 2017-03-24      458.63               1,128.56
    212921 2017-03-28      119.96               1,248.52
    212921 2017-04-03      427.35               1,675.87
    212921 2017-04-19    2,926.78               4,602.65
    212921 2017-05-13      269.91               4,872.56
    212921 2017-05-21      179.64               5,052.20
    212921 2017-05-28      430.79               5,482.99
    212921 2017-06-10       89.97               5,572.96
    212921 2017-06-30      917.66               6,490.62
    212921 2017-07-19      253.97               6,744.59
    212921 2017-08-19    1,320.46               8,065.05
    212921 2017-10-21    3,400.70              11,465.75
    212921 2017-10-27      149.95              11,615.70
    212921 2017-11-01      349.97              11,965.67
    212921 2017-11-04    1,459.82              13,425.49
    212921 2017-11-23      681.76              14,107.25
    212921 2017-12-23    2,443.50              16,550.75
    217002 2017-02-14      439.04                 439.04
    217002 2017-03-07    3,741.57               4,180.61
    217002 2017-03-13      219.78               4,400.39
    217002 2017-04-14    8,117.96              12,518.35
    217002 2017-04-26      149.85              12,668.20
    217002 2017-05-06    2,011.34              14,679.54
    217002 2017-05-20      149.95              14,829.49
    217002 2017-05-21       41.99              14,871.48
    217002 2017-06-12    7,244.98              22,116.46
    217002 2017-07-09      189.85              22,306.31
    217002 2017-07-22       59.98              22,366.29
    217002 2017-08-04      535.70              22,901.99
    217002 2017-08-12      235.33              23,137.32
    217002 2017-08-17      415.92              23,553.24
    217002 2017-08-22      239.92              23,793.16
    217002 2017-08-28      119.96              23,913.12
    217002 2017-09-01      374.91              24,288.03
    217002 2017-09-04    3,818.16              28,106.19
    217002 2017-09-07    2,356.55              30,462.74
    217002 2017-09-16      284.49              30,747.23
    217002 2017-10-12      239.92              30,987.15
    217002 2017-11-04    1,455.25              32,442.40
    217002 2017-11-22    1,907.59              34,349.99
    217002 2017-11-28      149.95              34,499.94
    217002 2017-12-04      239.86              34,739.80
    217002 2017-12-09      369.81              35,109.61
    217002 2017-12-26      419.93              35,529.54
    217796 2017-01-21      329.95                 329.95
    217796 2017-03-07      149.97                 479.92
    217796 2017-04-19      319.96                 799.88
    217796 2017-05-23   15,524.97              16,324.85
    217796 2017-06-02       29.99              16,354.84
    217796 2017-06-09      219.96              16,574.80
    217796 2017-06-12    4,569.73              21,144.53
    217796 2017-06-23      269.91              21,414.44
    217796 2017-08-13      359.88              21,774.32
    217796 2017-08-18    8,828.32              30,602.64
    217796 2017-09-03      249.95              30,852.59
    217796 2017-09-17       89.97              30,942.56
    217796 2017-09-24    1,912.50              32,855.06
    217796 2017-11-01      119.96              32,975.02
    217796 2017-11-05      239.80              33,214.82
    217796 2017-11-22      225.00              33,439.82
    217796 2017-11-27    2,315.52              35,755.34
    218709 2017-01-07    1,970.27               1,970.27
    218709 2017-01-12      689.81               2,660.08
    218709 2017-01-25    2,592.92               5,253.00
    218709 2017-02-27       59.98               5,312.98
    218709 2017-03-04    2,351.36               7,664.34
    218709 2017-03-16       69.97               7,734.31
    218709 2017-03-24       90.37               7,824.68
    218709 2017-04-07      115.97               7,940.65
    218709 2017-04-27      179.95               8,120.60
    218709 2017-05-26      423.36               8,543.96
    218709 2017-05-30      539.95               9,083.91
    218709 2017-06-30      139.65               9,223.56
    218709 2017-07-24      334.93               9,558.49
    218709 2017-07-26      299.94               9,858.43
    218709 2017-07-31      755.72              10,614.15
    218709 2017-08-07    7,344.26              17,958.41
    218709 2017-08-08       29.99              17,988.40
    218709 2017-08-22      209.95              18,198.35
    218709 2017-09-25      297.68              18,496.03
    218709 2017-10-05    5,750.25              24,246.28

143 rows selected.

SQL> 
SQL> /*  TASK 05 */
SQL> COLUMN "Quantity" FORMAT 999,999
SQL> 
SQL> WITH SALES_TABLE AS
  2          (SELECT AUTHOR_ID
  3          , BOOK_ID
  4          , SUM(QUANTITY) AS TOTAL_QUANTITY
  5          , SUM(QUANTITY * ORDER_PRICE) AS SALES_IN_TOTAL
  6          FROM BK_BOOK_AUTHORS
  7          JOIN BK_BOOKS USING (BOOK_ID)
  8          LEFT OUTER JOIN BK_ORDER_DETAILS USING (BOOK_ID)
  9          WHERE  AUTHOR_ID < 'J'
 10          AND AUTHOR_SEQUENCE =1
 11          GROUP BY  AUTHOR_ID
 12          , BOOK_ID)
 13  SELECT AUTHOR_ID AS "Author ID"
 14  , DECODE(BOOK_ID, NULL, '  Total', BOOK_ID) AS "Book ID"
 15  , SUM(NVL(TOTAL_QUANTITY, 0)) AS "Quantity"
 16  , DECODE(SUM(SALES_IN_TOTAL), NULL, 'No sales', TO_CHAR(SUM(SALES_IN_TOTAL), '999,999.99')) AS "Total Sales"
 17  , DECODE (AUTHOR_ID, NULL, 'Grand Total', AUTHOR_ID) AS "Author ID"
 18  FROM SALES_TABLE
 19  GROUP BY  ROLLUP(AUTHOR_ID, BOOK_ID)
 20  ;

Autho Book ID                                  Quantity Total Sales Author ID
----- ---------------------------------------- -------- ----------- -----------
A0110 1142                                          864   29,952.40 A0110
A0110   Total                                       864   29,952.40 A0110
A5748 1278                                          119    4,648.07 A5748
A5748   Total                                       119    4,648.07 A5748
B1112 2006                                           45      926.95 B1112
B1112 2007                                           53    1,916.98 B1112
B1112   Total                                        98    2,843.93 B1112
B1144 1622                                            0 No sales    B1144
B1144 9010                                            0 No sales    B1144
B1144   Total                                         0 No sales    B1144
B1244 1623                                            0 No sales    B1244
B1244 9013                                            0 No sales    B1244
B1244   Total                                         0 No sales    B1244
B2010 1102                                           26    1,272.24 B2010
B2010   Total                                        26    1,272.24 B2010
C0030 1106                                          148    4,273.50 C0030
C0030 1107                                          542   11,736.25 C0030
C0030 1161                                          411   13,402.50 C0030
C0030 1162                                          335   10,635.76 C0030
C0030   Total                                     1,436   40,048.01 C0030
C0844 1401                                          650   35,155.91 C0844
C0844   Total                                       650   35,155.91 C0844
C8794 1948                                           12      491.28 C8794
C8794   Total                                        12      491.28 C8794
D0030 1109                                          105    5,657.80 D0030
D0030 1128                                        1,614   67,330.28 D0030
D0030   Total                                     1,719   72,988.08 D0030
D2110 1301                                           94    4,747.01 D2110
D2110 1304                                          165    8,107.35 D2110
D2110   Total                                       259   12,854.36 D2110
D3040 1101                                          113    6,379.35 D3040
D3040   Total                                       113    6,379.35 D3040
D6290 2025                                          560   21,840.00 D6290
D6290   Total                                       560   21,840.00 D6290
D8902 1182                                          357   15,716.46 D8902
D8902   Total                                       357   15,716.46 D8902
D8956 1175                                            9      334.39 D8956
D8956 1184                                           18      899.82 D8956
D8956   Total                                        27    1,234.21 D8956
G4748 1537                                          177    4,241.08 G4748
G4748   Total                                       177    4,241.08 G4748
G5050 1200                                          126    1,981.57 G5050
G5050 1234                                          307    4,562.36 G5050
G5050 1774                                            1       14.67 G5050
G5050   Total                                       434    6,558.60 G5050
G8495 1545                                           30      416.88 G8495
G8495   Total                                        30      416.88 G8495
H0187 1457                                          179   11,418.21 H0187
H0187   Total                                       179   11,418.21 H0187
H0202 1185                                           88    3,906.62 H0202
H0202   Total                                        88    3,906.62 H0202
H3145 1627                                            7    1,080.57 H3145
H3145 1628                                           41    1,330.55 H3145
H3145 1629                                           76    1,516.20 H3145
H3145   Total                                       124    3,927.32 H3145
I5110 2031                                            0 No sales    I5110
I5110 2032                                            6      233.96 I5110
I5110   Total                                         6      233.96 I5110
        Total                                     7,278  276,126.97 Grand Total

59 rows selected.

SQL> 
SQL> /*  TASK 06 */
SQL> COLUMN "TotalSales" FORMAT 999,999.99
SQL> 
SQL> DEFINE START_DATE = "'2016-03-01'"
SQL> DEFINE DAYS_IN_CAL = "31"
SQL> 
SQL> WITH CALENDAR AS
  2          (SELECT TO_DATE(&START_DATE, 'YYYY-MM-DD') - 1 + ROWNUM AS CAL_DATE
  3          FROM BK_ORDER_DETAILS
  4          WHERE rownum <= &DAYS_IN_CAL)
  5  , DAILY_SALES_RECORDS AS
  6          (select CAL_DATE AS ORD_DATE
  7          , SUM(nvl(QUANTITY, 0) * nvl(ORDER_PRICE, 0)) AS TOTALSALES
  8          FROM CALENDAR CAL
  9          LEFT JOIN BK_ORDER_HEADERS ORH ON (CAL.CAL_DATE = trunc(ORH.ORDER_DATE))
 10          LEFT JOIN BK_ORDER_DETAILS ORD ON (ORH.ORDER_ID = ORD.ORDER_ID)
 11          GROUP BY CAL_DATE)
 12  SELECT TO_CHAR(ORD_DATE, 'DD-Mon-YYYY') AS "Date"
 13  , TOTALSALES AS "TotalSales"
 14  , TO_CHAR(SUM(TOTALSALES) OVER (ORDER BY ORD_DATE ROWS BETWEEN 2 PRECEDING AND 2 FOLLOWING), '999,999.99') AS "5 DaySUM"
 15  , TO_CHAR(AVG(TOTALSALES) OVER (ORDER BY ORD_DATE ROWS BETWEEN 2 PRECEDING AND 2 FOLLOWING), '999,999.99') AS "5 DayAvg"
 16  FROM DAILY_SALES_RECORDS
 17  ORDER BY 1
 18  ;
old   2: 	(SELECT TO_DATE(&START_DATE, 'YYYY-MM-DD') - 1 + ROWNUM AS CAL_DATE
new   2: 	(SELECT TO_DATE('2016-03-01', 'YYYY-MM-DD') - 1 + ROWNUM AS CAL_DATE
old   4: 	WHERE rownum <= &DAYS_IN_CAL)
new   4: 	WHERE rownum <= 31)

Date         TotalSales 5 DaySUM    5 DayAvg
----------- ----------- ----------- -----------
01-Mar-2016      165.00    3,522.45    1,174.15
02-Mar-2016    2,107.45    6,271.95    1,567.99
03-Mar-2016    1,250.00    6,396.90    1,279.38
04-Mar-2016    2,749.50    7,707.50    1,541.50
05-Mar-2016      124.95    5,600.05    1,120.01
06-Mar-2016    1,475.60    5,156.05    1,031.21
07-Mar-2016         .00    2,406.55      481.31
08-Mar-2016      806.00    6,590.00    1,318.00
09-Mar-2016         .00    5,114.40    1,022.88
10-Mar-2016    4,308.40    5,114.40    1,022.88
11-Mar-2016         .00    4,308.40      861.68
12-Mar-2016         .00    4,833.80      966.76
13-Mar-2016         .00      767.40      153.48
14-Mar-2016      525.40      767.40      153.48
15-Mar-2016      242.00      767.40      153.48
16-Mar-2016         .00    2,131.46      426.29
17-Mar-2016         .00    1,703.00      340.60
18-Mar-2016    1,364.06    2,427.68      485.54
19-Mar-2016       96.94    8,523.83    1,704.77
20-Mar-2016      966.68   11,194.93    2,238.99
21-Mar-2016    6,096.15    9,890.86    1,978.17
22-Mar-2016    2,671.10    9,838.92    1,967.78
23-Mar-2016       59.99    9,522.19    1,904.44
24-Mar-2016       45.00    3,713.79      742.76
25-Mar-2016      649.95    7,496.14    1,499.23
26-Mar-2016      287.75   29,656.53    5,931.31
27-Mar-2016    6,453.45   32,111.53    6,422.31
28-Mar-2016   22,220.38   31,461.58    6,292.32
29-Mar-2016    2,500.00   34,274.09    6,854.82
30-Mar-2016         .00   27,820.64    6,955.16
31-Mar-2016    3,100.26    5,600.26    1,866.75

31 rows selected.

SQL> 
SQL> 
SQL> 
SQL> spool off
